Workbook

Sheet Conclusoes
A1: Conclusões da análise (M2 - Primeira Melhora x M3 - Monótona Randomizada)
A3: 1) Heurística que demandou mais iterações: Primeira Melhora (M2).
A4: Ver aba 'Resumo por Heuristica' - média muito acima da Monótona Randomizada,
A5: e diferença cresce muito nas instâncias grandes (ver aba 'Comparacao por Instancia').
A7: 2) Heurística que demandou mais tempo: Primeira Melhora (M2).
A8: Mesma explicação: cada movimento aceito reinicia a varredura completa da vizinhança.
A10: 3) Heurística com resultados de maior qualidade: Monótona Randomizada com alpha=0.1.
A11: Olhando todos os alphas misturados fica quase empatado com a Primeira Melhora, mas
A12: isolando o melhor parâmetro (alpha=0.1) a Monótona Randomizada vence na maioria das
A13: instâncias (ver aba 'Comparacao por Instancia') e ainda é muito mais rápida.
A15: 4) Parâmetros que garantem maior qualidade: alpha baixo (0.1, depois 0.2) na Monótona
A16: Randomizada - ver tendência decrescente na aba 'Resumo por Alpha'.
... A19: Melhora não tem parâmetro ajustável e é sempre a mais lenta das duas heurísticas.

Sheet Dados
A1: heuristica | B1: n | C1: m | D1: replicacao | E1: tempo | F1: iteracoes | G1: valor | H1: parametro
A2: primeiramelhora | B2: 32 | C2: 10 | D2: 1 | E2: 0.101 | F2: 1714 | G2: 160
A3: primeiramelhora | B3: 32 | C3: 10 | D3: 2 | E3: 0.032 | F3: 490 | G3: 172
A4: primeiramelhora | B4: 32 | C4: 10 | D4: 3 | E4: 0.116 | F4: 2065 | G4: 161
A5: primeiramelhora | B5: 32 | C5: 10 | D5: 4 | E5: 0.045 | F5: 758 | G5: 182
A6: primeiramelhora | B6: 32 | C6: 10 | D6: 5 | E6: 0.082 | F6: 1417 | G6: 157
A7: primeiramelhora | B7: 32 | C7: 10 | D7: 6 | E7: 0.043 | F7: 667 | G7: 198
A8: primeiramelhora | B8: 32 | C8: 10 | D8: 7 | E8: 0.065 | F8: 1142 | G8: 161
A9: primeiramelhora | B9: 32 | C9: 10 | D9: 8 | E9: 0.037 | F9: 562 | G9: 191
A10: primeiramelhora | B10: 32 | C10: 10 | D10: 9 | E10: 0.03 | F10: 477 | G10: 164
A11: primeiramelhora | B11: 32 | C11: 10 | D11: 10 | E11: 0.049 | F11: 748 | G11: 169
A12: primeiramelhora | B12: 100 | C12: 10 | D12: 1 | E12: 0.104 | F12: 1858 | G12: 590
A13: primeiramelhora | B13: 100 | C13: 10 | D13: 2 | E13: 0.074 | F13: 1356 | G13: 609
... A61: primeiramelhora | B61: 2500 | C61: 50 | D61: 10 | E61: 50.625 | F61: 274050 | G61: 2991
A62: monotonarandomizada | B62: 32 | C62: 10 | D62: 1 | E62: 0.23 | F62: 1550 | G62: 197 | H62: 0.1
A63: monotonarandomizada | B63: 32 | C63: 10 | D63: 2 | E63: 0.232 | F63: 1618 | G63: 196 | H63: 0.1
A64: monotonarandomizada | B64: 32 | C64: 10 | D64: 3 | E64: 0.171 | F64: 1643 | G64: 198 | H64: 0.1
A65: monotonarandomizada | B65: 32 | C65: 10 | D65: 4 | E65: 0.289 | F65: 2005 | G65: 196 | H65: 0.1
A66: monotonarandomizada | B66: 32 | C66: 10 | D66: 5 | E66: 0.196 | F66: 1707 | G66: 193 | H66: 0.1
A67: monotonarandomizada | B67: 32 | C67: 10 | D67: 6 | E67: 0.184 | F67: 1759 | G67: 193 | H67: 0.1
A68: monotonarandomizada | B68: 32 | C68: 10 | D68: 7 | E68: 0.208 | F68: 1664 | G68: 202 | H68: 0.1
A69: monotonarandomizada | B69: 32 | C69: 10 | D69: 8 | E69: 0.288 | F69: 2730 | G69: 188 | H69: 0.1
A70: monotonarandomizada | B70: 32 | C70: 10 | D70: 9 | E70: 0.252 | F70: 2260 | G70: 186 | H70: 0.1
A71: monotonarandomizada | B71: 32 | C71: 10 | D71: 10 | E71: 0.117 | F71: 1138 | G71: 201 | H71: 0.1
A72: monotonarandomizada | B72: 32 | C72: 10 | D72: 1 | E72: 0.263 | F72: 1760 | G72: 196 | H72: 0.2
A73: monotonarandomizada | B73: 32 | C73: 10 | D73: 2 | E73: 0.154 | F73: 1105 | G73: 208 | H73: 0.2
... A601: monotonarandomizada | B601: 2500 | C601: 50 | D601: 10 | E601: 0.998 | F601: 3926 | G601: 3075 | H601: 0.9

Sheet Resumo por Heuristica
A1: Comparação geral entre heurísticas (M2 x M3)
A3: Heurística | B3: Média Iterações | C3: Máx. Iterações | D3: Média Tempo (ms) | E3: Máx. Tempo (ms) | F3: Média Valor (Makespan)
A4: Primeira Melhora (M2) | B4: =AVERAGEIF(Dados!$A$2:$A$601,"primeiramelhora",Dados!$F$2:$F$601) -> 53257.1 | C4: =_xlfn.MAXIFS(Dados!$F$2:$F$601,Dados!$A$2:$A$601,"primeiramelhora") -> 412035 | D4: =AVERAGEIF(Dados!$A$2:$A$601,"primeiramelhora",Dados!$E$2:$E$601) -> 9.6772833 | E4: =_xlfn.MAXIFS(Dados!$E$2:$E$601,Dados!$A$2:$A$601,"primeiramelhora") -> 76.496 | F4: =AVERAGEIF(Dados!$A$2:$A$601,"primeiramelhora",Dados!$G$2:$G$601) -> 979.15
A5: Monótona Randomizada - todos os alphas (M3) | B5: =AVERAGEIF(Dados!$A$2:$A$601,"monotonarandomizada",Dados!$F$2:$F$601) -> 1943.2037 | C5: =_xlfn.MAXIFS(Dados!$F$2:$F$601,Dados!$A$2:$A$601,"monotonarandomizada") -> 5495 | D5: =AVERAGEIF(Dados!$A$2:$A$601,"monotonarandomizada",Dados!$E$2:$E$601) -> 0.35362222 | E5: =_xlfn.MAXIFS(Dados!$E$2:$E$601,Dados!$A$2:$A$601,"monotonarandomizada") -> 1.372 | F5: =AVERAGEIF(Dados!$A$2:$A$601,"monotonarandomizada",Dados!$G$2:$G$601) -> 976.62778
A6: Monótona Randomizada - alpha=0.1 (melhor caso) | B6: =AVERAGEIFS(Dados!$F$2:$F$601,Dados!$A$2:$A$601,"monotonarandomizada",Dados!$H$2:$H$601,0.1) -> 2242.55 | C6: =_xlfn.MAXIFS(Dados!$F$2:$F$601,Dados!$A$2:$A$601,"monotonarandomizada",Dados!$H$2:$H$601,0.1) -> 5495 | D6: =AVERAGEIFS(Dados!$E$2:$E$601,Dados!$A$2:$A$601,"monotonarandomizada",Dados!$H$2:$H$601,0.1) -> 0.40778333 | E6: =_xlfn.MAXIFS(Dados!$E$2:$E$601,Dados!$A$2:$A$601,"monotonarandomizada",Dados!$H$2:$H$601,0.1) -> 1.372 | F6: =AVERAGEIFS(Dados!$G$2:$G$601,Dados!$A$2:$A$601,"monotonarandomizada",Dados!$H$2:$H$601,0.1) -> 906.3
A8: Nota: 'todos os alphas' mistura os 9 valores de alpha (0.1 a 0.9) da monótona randomizada; 'alpha=0.1' isola o parâmetro de melhor qualidade encontrado na análise.

Sheet Resumo por Alpha
A1: Efeito do parâmetro alpha na Monótona Randomizada (M3)
A3: Alpha | B3: Média Iterações | C3: Média Tempo (ms) | D3: Média Valor (Makespan)
A4: 0.1 | B4: =AVERAGEIFS(Dados!$F$2:$F$601,Dados!$A$2:$A$601,"monotonarandomizada",Dados!$H$2:$H$601,A4) -> 2242.55 | C4: =AVERAGEIFS(Dados!$E$2:$E$601,Dados!$A$2:$A$601,"monotonarandomizada",Dados!$H$2:$H$601,A4) -> 0.40778333 | D4: =AVERAGEIFS(Dados!$G$2:$G$601,Dados!$A$2:$A$601,"monotonarandomizada",Dados!$H$2:$H$601,A4) -> 906.3
A5: 0.2 | B5: =AVERAGEIFS(Dados!$F$2:$F$601,Dados!$A$2:$A$601,"monotonarandomizada",Dados!$H$2:$H$601,A5) -> 2104.9333 | C5: =AVERAGEIFS(Dados!$E$2:$E$601,Dados!$A$2:$A$601,"monotonarandomizada",Dados!$H$2:$H$601,A5) -> 0.40295 | D5: =AVERAGEIFS(Dados!$G$2:$G$601,Dados!$A$2:$A$601,"monotonarandomizada",Dados!$H$2:$H$601,A5) -> 933.05
A6: 0.3 | B6: =AVERAGEIFS(Dados!$F$2:$F$601,Dados!$A$2:$A$601,"monotonarandomizada",Dados!$H$2:$H$601,A6) -> 1835.7667 | C6: =AVERAGEIFS(Dados!$E$2:$E$601,Dados!$A$2:$A$601,"monotonarandomizada",Dados!$H$2:$H$601,A6) -> 0.3311 | D6: =AVERAGEIFS(Dados!$G$2:$G$601,Dados!$A$2:$A$601,"monotonarandomizada",Dados!$H$2:$H$601,A6) -> 964.65
A7: 0.4 | B7: =AVERAGEIFS(Dados!$F$2:$F$601,Dados!$A$2:$A$601,"monotonarandomizada",Dados!$H$2:$H$601,A7) -> 1860.6667 | C7: =AVERAGEIFS(Dados!$E$2:$E$601,Dados!$A$2:$A$601,"monotonarandomizada",Dados!$H$2:$H$601,A7) -> 0.3386 | D7: =AVERAGEIFS(Dados!$G$2:$G$601,Dados!$A$2:$A$601,"monotonarandomizada",Dados!$H$2:$H$601,A7) -> 968.4
A8: 0.5 | B8: =AVERAGEIFS(Dados!$F$2:$F$601,Dados!$A$2:$A$601,"monotonarandomizada",Dados!$H$2:$H$601,A8) -> 2015.5167 | C8: =AVERAGEIFS(Dados!$E$2:$E$601,Dados!$A$2:$A$601,"monotonarandomizada",Dados!$H$2:$H$601,A8) -> 0.37065 | D8: =AVERAGEIFS(Dados!$G$2:$G$601,Dados!$A$2:$A$601,"monotonarandomizada",Dados!$H$2:$H$601,A8) -> 969.73333
A9: 0.6 | B9: =AVERAGEIFS(Dados!$F$2:$F$601,Dados!$A$2:$A$601,"monotonarandomizada",Dados!$H$2:$H$601,A9) -> 1944.3333 | C9: =AVERAGEIFS(Dados!$E$2:$E$601,Dados!$A$2:$A$601,"monotonarandomizada",Dados!$H$2:$H$601,A9) -> 0.355 | D9: =AVERAGEIFS(Dados!$G$2:$G$601,Dados!$A$2:$A$601,"monotonarandomizada",Dados!$H$2:$H$601,A9) -> 992.91667
A10: 0.7 | B10: =AVERAGEIFS(Dados!$F$2:$F$601,Dados!$A$2:$A$601,"monotonarandomizada",Dados!$H$2:$H$601,A10) -> 1833.4167 | C10: =AVERAGEIFS(Dados!$E$2:$E$601,Dados!$A$2:$A$601,"monotonarandomizada",Dados!$H$2:$H$601,A10) -> 0.33123333 | D10: =AVERAGEIFS(Dados!$G$2:$G$601,Dados!$A$2:$A$601,"monotonarandomizada",Dados!$H$2:$H$601,A10) -> 1007.9
A11: 0.8 | B11: =AVERAGEIFS(Dados!$F$2:$F$601,Dados!$A$2:$A$601,"monotonarandomizada",Dados!$H$2:$H$601,A11) -> 1789.1 | C11: =AVERAGEIFS(Dados!$E$2:$E$601,Dados!$A$2:$A$601,"monotonarandomizada",Dados!$H$2:$H$601,A11) -> 0.3205 | D11: =AVERAGEIFS(Dados!$G$2:$G$601,Dados!$A$2:$A$601,"monotonarandomizada",Dados!$H$2:$H$601,A11) -> 1019.7167
A12: 0.9 | B12: =AVERAGEIFS(Dados!$F$2:$F$601,Dados!$A$2:$A$601,"monotonarandomizada",Dados!$H$2:$H$601,A12) -> 1862.55 | C12: =AVERAGEIFS(Dados!$E$2:$E$601,Dados!$A$2:$A$601,"monotonarandomizada",Dados!$H$2:$H$601,A12) -> 0.32478333 | D12: =AVERAGEIFS(Dados!$G$2:$G$601,Dados!$A$2:$A$601,"monotonarandomizada",Dados!$H$2:$H$601,A12) -> 1026.9833
A14: Nota: quanto menor o alpha, menos passos de caminhada aleatória (que aceitam pioras) e mais passos de descida monótona -> melhor qualidade, porém mais lento.

Sheet Comparacao por Instancia
A1: Primeira Melhora (M2) x Monótona Randomizada alpha=0.1 (M3), por instância
A3: m | B3: n | C3: Valor - Primeira Melhora | D3: Valor - Monótona (a=0.1) | E3: Tempo - Primeira Melhora (ms) | F3: Tempo - Monótona (a=0.1) (ms) | G3: Iterações - Primeira Melhora | H3: Iterações - Monótona (a=0.1)
A4: 10 | B4: 32 | C4: =AVERAGEIFS(Dados!$G$2:$G$601,Dados!$A$2:$A$601,"primeiramelhora",Dados!$C$2:$C$601,A4,Dados!$B$2:$B$601,B4) -> 171.5 | D4: =AVERAGEIFS(Dados!$G$2:$G$601,Dados!$A$2:$A$601,"monotonarandomizada",Dados!$C$2:$C$601,A4,Dados!$B$2:$B$601,B4,Dados!$H$2:$H$601,0.1) -> 195 | E4: =AVERAGEIFS(Dados!$E$2:$E$601,Dados!$A$2:$A$601,"primeiramelhora",Dados!$C$2:$C$601,A4,Dados!$B$2:$B$601,B4) -> 0.06 | F4: =AVERAGEIFS(Dados!$E$2:$E$601,Dados!$A$2:$A$601,"monotonarandomizada",Dados!$C$2:$C$601,A4,Dados!$B$2:$B$601,B4,Dados!$H$2:$H$601,0.1) -> 0.2167 | G4: =AVERAGEIFS(Dados!$F$2:$F$601,Dados!$A$2:$A$601,"primeiramelhora",Dados!$C$2:$C$601,A4,Dados!$B$2:$B$601,B4) -> 1004 | H4: =AVERAGEIFS(Dados!$F$2:$F$601,Dados!$A$2:$A$601,"monotonarandomizada",Dados!$C$2:$C$601,A4,Dados!$B$2:$B$601,B4,Dados!$H$2:$H$601,0.1) -> 1807.4
A5: 10 | B5: 100 | C5: =AVERAGEIFS(Dados!$G$2:$G$601,Dados!$A$2:$A$601,"primeiramelhora",Dados!$C$2:$C$601,A5,Dados!$B$2:$B$601,B5) -> 527.7 | D5: =AVERAGEIFS(Dados!$G$2:$G$601,Dados!$A$2:$A$601,"monotonarandomizada",Dados!$C$2:$C$601,A5,Dados!$B$2:$B$601,B5,Dados!$H$2:$H$601,0.1) -> 533.3 | E5: =AVERAGEIFS(Dados!$E$2:$E$601,Dados!$A$2:$A$601,"primeiramelhora",Dados!$C$2:$C$601,A5,Dados!$B$2:$B$601,B5) -> 0.1468 | F5: =AVERAGEIFS(Dados!$E$2:$E$601,Dados!$A$2:$A$601,"monotonarandomizada",Dados!$C$2:$C$601,A5,Dados!$B$2:$B$601,B5,Dados!$H$2:$H$601,0.1) -> 0.1896 | G5: =AVERAGEIFS(Dados!$F$2:$F$601,Dados!$A$2:$A$601,"primeiramelhora",Dados!$C$2:$C$601,A5,Dados!$B$2:$B$601,B5) -> 2717.8 | H5: =AVERAGEIFS(Dados!$F$2:$F$601,Dados!$A$2:$A$601,"monotonarandomizada",Dados!$C$2:$C$601,A5,Dados!$B$2:$B$601,B5,Dados!$H$2:$H$601,0.1) -> 1768.9
A6: 20 | B6: 89 | C6: =AVERAGEIFS(Dados!$G$2:$G$601,Dados!$A$2:$A$601,"primeiramelhora",Dados!$C$2:$C$601,A6,Dados!$B$2:$B$601,B6) -> 304.2 | D6: =AVERAGEIFS(Dados!$G$2:$G$601,Dados!$A$2:$A$601,"monotonarandomizada",Dados!$C$2:$C$601,A6,Dados!$B$2:$B$601,B6,Dados!$H$2:$H$601,0.1) -> 294.5 | E6: =AVERAGEIFS(Dados!$E$2:$E$601,Dados!$A$2:$A$601,"primeiramelhora",Dados!$C$2:$C$601,A6,Dados!$B$2:$B$601,B6) -> 0.5486 | F6: =AVERAGEIFS(Dados!$E$2:$E$601,Dados!$A$2:$A$601,"monotonarandomizada",Dados!$C$2:$C$601,A6,Dados!$B$2:$B$601,B6,Dados!$H$2:$H$601,0.1) -> 0.293 | G6: =AVERAGEIFS(Dados!$F$2:$F$601,Dados!$A$2:$A$601,"primeiramelhora",Dados!$C$2:$C$601,A6,Dados!$B$2:$B$601,B6) -> 5514 | H6: =AVERAGEIFS(Dados!$F$2:$F$601,Dados!$A$2:$A$601,"monotonarandomizada",Dados!$C$2:$C$601,A6,Dados!$B$2:$B$601,B6,Dados!$H$2:$H$601,0.1) -> 2067.2
A7: 20 | B7: 400 | C7: =AVERAGEIFS(Dados!$G$2:$G$601,Dados!$A$2:$A$601,"primeiramelhora",Dados!$C$2:$C$601,A7,Dados!$B$2:$B$601,B7) -> 1253.5 | D7: =AVERAGEIFS(Dados!$G$2:$G$601,Dados!$A$2:$A$601,"monotonarandomizada",Dados!$C$2:$C$601,A7,Dados!$B$2:$B$601,B7,Dados!$H$2:$H$601,0.1) -> 1092.1 | E7: =AVERAGEIFS(Dados!$E$2:$E$601,Dados!$A$2:$A$601,"primeiramelhora",Dados!$C$2:$C$601,A7,Dados!$B$2:$B$601,B7) -> 1.5487 | F7: =AVERAGEIFS(Dados!$E$2:$E$601,Dados!$A$2:$A$601,"monotonarandomizada",Dados!$C$2:$C$601,A7,Dados!$B$2:$B$601,B7,Dados!$H$2:$H$601,0.1) -> 0.3118 | G7: =AVERAGEIFS(Dados!$F$2:$F$601,Dados!$A$2:$A$601,"primeiramelhora",Dados!$C$2:$C$601,A7,Dados!$B$2:$B$601,B7) -> 17036.2 | H7: =AVERAGEIFS(Dados!$F$2:$F$601,Dados!$A$2:$A$601,"monotonarandomizada",Dados!$C$2:$C$601,A7,Dados!$B$2:$B$601,B7,Dados!$H$2:$H$601,0.1) -> 2021.1
A8: 50 | B8: 354 | C8: =AVERAGEIFS(Dados!$G$2:$G$601,Dados!$A$2:$A$601,"primeiramelhora",Dados!$C$2:$C$601,A8,Dados!$B$2:$B$601,B8) -> 583.3 | D8: =AVERAGEIFS(Dados!$G$2:$G$601,Dados!$A$2:$A$601,"monotonarandomizada",Dados!$C$2:$C$601,A8,Dados!$B$2:$B$601,B8,Dados!$H$2:$H$601,0.1) -> 493.5 | E8: =AVERAGEIFS(Dados!$E$2:$E$601,Dados!$A$2:$A$601,"primeiramelhora",Dados!$C$2:$C$601,A8,Dados!$B$2:$B$601,B8) -> 8.523 | F8: =AVERAGEIFS(Dados!$E$2:$E$601,Dados!$A$2:$A$601,"monotonarandomizada",Dados!$C$2:$C$601,A8,Dados!$B$2:$B$601,B8,Dados!$H$2:$H$601,0.1) -> 0.5271 | G8: =AVERAGEIFS(Dados!$F$2:$F$601,Dados!$A$2:$A$601,"primeiramelhora",Dados!$C$2:$C$601,A8,Dados!$B$2:$B$601,B8) -> 43662.5 | H8: =AVERAGEIFS(Dados!$F$2:$F$601,Dados!$A$2:$A$601,"monotonarandomizada",Dados!$C$2:$C$601,A8,Dados!$B$2:$B$601,B8,Dados!$H$2:$H$601,0.1) -> 2184.2
A9: 50 | B9: 2500 | C9: =AVERAGEIFS(Dados!$G$2:$G$601,Dados!$A$2:$A$601,"primeiramelhora",Dados!$C$2:$C$601,A9,Dados!$B$2:$B$601,B9) -> 3034.7 | D9: =AVERAGEIFS(Dados!$G$2:$G$601,Dados!$A$2:$A$601,"monotonarandomizada",Dados!$C$2:$C$601,A9,Dados!$B$2:$B$601,B9,Dados!$H$2:$H$601,0.1) -> 2829.4 | E9: =AVERAGEIFS(Dados!$E$2:$E$601,Dados!$A$2:$A$601,"primeiramelhora",Dados!$C$2:$C$601,A9,Dados!$B$2:$B$601,B9) -> 47.2366 | F9: =AVERAGEIFS(Dados!$E$2:$E$601,Dados!$A$2:$A$601,"monotonarandomizada",Dados!$C$2:$C$601,A9,Dados!$B$2:$B$601,B9,Dados!$H$2:$H$601,0.1) -> 0.9085 | G9: =AVERAGEIFS(Dados!$F$2:$F$601,Dados!$A$2:$A$601,"primeiramelhora",Dados!$C$2:$C$601,A9,Dados!$B$2:$B$601,B9) -> 249608.1 | H9: =AVERAGEIFS(Dados!$F$2:$F$601,Dados!$A$2:$A$601,"monotonarandomizada",Dados!$C$2:$C$601,A9,Dados!$B$2:$B$601,B9,Dados!$H$2:$H$601,0.1) -> 3606.5
